Butane,Methanol
Pentane,Ethanol
TwoMethylbutane,Ethanol
Hexane,Ethanol
Hexane,OnePropanol
Cyclohexane,OnePropanol
MethylCycloHexane,Phenol
Isobutylene,Methanol
TwoMethylTwoButene,Methanol
TwoMethylTwoButene,Ethanol
OneHexene,Methanol
OneHexene,Ethanol
OneThreeButadiene,Methanol
OneThreePentadiene,Methanol
TransOneThreePentadiene,Methanol
Isoprene,Methanol
Isoprene,Ethanol
Cyclopentadiene,Methanol
Benzene,OnePropanol
Benzene,Chloroform One
Benzene,Phenol
Benzene,Toluene
Benzene,pXylene
Benzene,Tribromomethane
Benzene,Nitromethane
Benzene,Tetrachloroethylene
Benzene,Trichloroethylene
Benzene,Pentachloroethane
Benzene,OneOneTwoTwotetrachloroethane
Benzene,OneTwoDibromoethane
Benzene,OneTwoDichloroethane
Benzene,NMethylformamide
Benzene,Nitroethane
Benzene,Dimethylsulfoxide
Benzene,Ethylenediamine
Benzene,NNdimethylformamide
Benzene,OneNitropropane
Benzene,TwoNitropropane
Benzene,Thiophene
Benzene,Pyridine
Benzene,Hexafluorobenzene
Benzene,PDichlorobenzene
Benzene,Bromobenzene
Benzene,Chlorobenzene
Benzene,Fluorobenzene
Benzene,Nitrobenzene
Benzene,Aniline
Benzene,Cyclohexylamine
Benzene,Triethylamine
Benzene,Benzonitrile
Benzene,Toluene
Benzene,NMethylcyclohexylamine
Benzene,Styrene
Benzene,Ethylbenzene
Benzene,MXylene
Benzene,PXylene
Benzene,NNDiethylaniline
Benzene,Isopropylbenzene
Benzene,Propylbenzene
Benzene,MTerphenyl
Toluene,Chloroform
Toluene,pXylene
Toluene, Nitroethane
Toluene,Dimethylsulfoxide
Toluene,Ethylenediamine
Toluene,NNDimethylformamide
Toluene,Sulfolane
Toluene,Pyridine
Toluene,Bromobenzene
Toluene,Chlorobenzene
Toluene,Nitrobenzene
Toluene,TwoMethylpyridine
Toluene,ThreeMethylpyridien
Toluene,Benzonitrile
Toluene,Ethylbenzene
Toluene,PXylene
Ethylbenzene,Styrene
Ethylbenzene,Nitrobenzene
Ethylbenzene,Aniline
Ethylbenzene,Isopropylbenzene
Ethylbenzene,Butylbenzene
OXylene,NNDimethylformamide
MXylene,NNDimethylformamide
MXylene,Aniline
PXylene,MXylene,
PXylene,NNDimethylformamide,
PXylene,Aniline
Propylbenzene,Nitrobenzene
OneTwoFourTrimethylbenzene,OneTwoThreeTrimethylbenzene
Butylbenzene,Nitrobenzene
PCymene,Aniline
Styrene,Propylbenzene
TwoMethylNaphthalene,OneMethylNaphthanlene
PropionicAldehyde,Methanol
Isobutyraldehyde,Water
Acetone,Methanol
Acetone,Ethanol
Acetone,Chloroform
Acetone,Benzene
Acetone,Phenol
Acetone,CycloHexane
Acetone,Toluene
TwoButanone,OnePropanol
TwoButanone,Benzene
TwoButanone,CycloHexane
TwoButanone,Toluene
TwoButanone,nHeptane
TwoButanone,Water
Methanol,Tetrachloromethane
Methanol,Tribromomethane
Methanol,Acetonitrile
Methanol,OneTwoDichloroethane
Methanol,AceticAcid
Methanol,Ethanol
Methanol,Dimethylsulfoxide
Methanol,PropionicAcid
Methanol,NNDimethylformamide
Methanol,Propanol
Methanol,Thiophene
Methanol,Methylacrylate
Methanol,TwoButanone
Methanol,Tetrahyrofuran
Methanol,OneFourDioxane
Methanol,Ethylacetate
Methanol,Sulfolane
Methanol,OneButanol
Methanol,TwoButanol
Methanol,OneFourButanediol
Methanol,Pyridine
Methanol,MethylMethacrylate
Methanol,MethylisopropylKetone
Methanol,Piperidine
Methanol,Hexafluorobenzene
Methanol,Chlorobenzene
Methanol,Benzene
Methanol,Aniline
Methanol,TwoMethylpyridine
Methanol,ThreeMethylpyridine
Methanol,FourMethylpyridine
Methanol,Cyclohexene
Methanol,Cyclohexane
Methanol,nButylAcetate
Methanol,Hexane
Methanol,Triethylamine
Methanol,Toluene
Methanol,Two6Dimethylpyridine
Methanol,OneHeptane
Methanol,Methylcyclohexane
Methanol,Heptane
Methanol,Ethylbenzene
Methanol,Mxylene
Methanol,Pxylene
Methanol,OneOctene
Methanol,Octane
Methanol,TwoTwoFourTrimethylpentane
Methanol,Water
Methanol,Chloroform
Methanol,Ethanol
Methanol,Acetone
Methanol,Benzene
Methanol,CycloHexane
Methanol,Toluene
Methanol,nHeptane
Ethanol,Tetrachloroethylene
Ethanol,Acetonitrile
Ethanol,OneTwoDichloroethane
Ethanol,Acetic Acid
Ethanol,OneTwoEthanediol
Ethanol,TwoPropanol
Ethanol,Thiophene
Ethanol,TwoButanone
Ethanol,OneFourDioxane
Ethanol,Sulfolane
Ethanol,TwoButanol
Ethanol,TwoMethylOnePropanol
Ethanol,Pyridine
Ethanol,MethylMethacrylate
Ethanol,Methylisopropyl
Ethanol,PropylAcetate
Ethanol,ThreeMethylOnebutanol
Ethanol,Bromobenzene
Ethanol,Chlorobezene
Ethanol,Benzene
Ethanol,Aniline
Ethanol,ThreeMethylpyridine
Ethanol,Cyclohexane
Ethanol,Cyclohexanol
Ethanol,ButylAcetate
Ethanol,Dipropylether
Ethanol,Triethylamine
Ethanol,Toluene
Ethanol,Anisole
Ethanol,Two6Dimethylpyridine
Ethanol,Pentylacetate
Ethanol,Heptane
Ethanol,Ethylbezene
Ethanol,Pxylene
Ethanol,Octane
Ethanol,TwoTwoFourTrimethylpentane
Ethanol,Hexadecane
Ethanol,Oleicacid
Ethanol,Water
Ethanol,Chloroform
Ethanol,Acetone
Ethanol,TwoButanone
Ethanol,Benzene
Ethanol,CycloHexane
Ethanol,Toluene
Ethanol,nHeptane
Ethanol,pXylene
OnePropanol,Tetrachloroethylene
OnePropanol,Aceticacid
OnePropanol,Propionicacid
OnePropanol,TwoMethoxyethanol
Propylamine,OnePropanol
OnePropanol,Methacrylicacid
OnePropanol,TwoMethylOnePropanol
OnePropanol,Pyridine
OnePropanol,Methylmethacrylate
OnePropnaol,Propylacetate
OnePropanol,ThreeMethylbutanol
OnePropnaol,Chlorobenzene
OnePropanol,TwoMethylpyridine
OnePropanol,ThreeMethylpyridine
OnePropanol,FourMethylpyridine
OnePropanol,Dipropylamine
OnePropanol,Hexamethyldisiloxane
OnePropanol,Toluene
OnePropnaol,Two6Dimethylpyridine
OnePropanol,Heptane
OnePropanol,Pxylene
OnePropanol,Octane
OnePropanol,Decane
OnePropanol,OneDecanol Five7One
TwoPropanol,OnePropanol
isobutanol,Water
Tertbutanol,Water
MethylFormate,Methanol
MethylAcetate,Methanol
MethylAcetate,Ethanol
EthylAcetate,Ethanol
Ethylacetate,Water
VinylAcetate,Ethanol
DiethylEther,Methanol
DiethylEther,Ethanol
Diethylether,Water
Diisopropylether,Water
MethylTertButylEther,Methanol
Dimethoxymethane,Methanol
Dimethoxymethane,Water
PropyleneOxide,Methanol
Tetrahydrofuran,Ethanol
Tetrahydrofuran,OnePropanol
Tetrahydrofuran,Water
Tetrachloromethane,Methanol
Tertachloromethane,OnePropanol
Tetrachloromethane,Benzene
Tetrachloromethane,Toluene
Tetrachloromethane,Ethylbenzene
Tetrachloromethane,MXylene
Tetrachloromethane,PXylene
Tetrachloromethane,Isopropylbenzene
Chloroform,Benzene
VinylCloride,Methanol
Dichloromethane,Methanol
Dichloromethane,Ethanol
Chloroform,Methanol
Chloroform,Ethanol
Chloroform,Toluene
OneTwoDichloroethane,OnePropanol
OneTwoDichloroethane,Toluene
OneTwoDichloroethane,OXylene
OneTwoDichloroethane,PXylene
OneOneOnetrichloroethane,Benzene
Trichloroethylene,OnePropanol
Trichloroethylene,Toluenep Three7One
Chlorobenzene,Ethylbenzene
Chlorobenzene,PXylene
Butylchloride,OnePropanol
MethylIodide,Benzene
EthylIodide,Benzene
Dimethylamine,Methanol
Dimethylamine,Ethanol
Dimethylamine,OnePropanol
Triethylamine,OnePropanol
Triethylamine,Water
Diethylamine,Water
Diethylamine,Benzene
Diethylamine,Toluene
Diethylamine,Ethylbenzene
Propylamine,Water
Butylamine,Ethanol
Butylamine,OnePropanol
nButylamine,Water
Butylamine,Benzene
TertButylamine,Benzene
Ethylenediamine,OXylene
Acetonitrile,Toluene
Acetonitrile,Ethylbenzene
Acetonitrile,PXylene
Propionitrile,Toluene,
Acrylontrile,Styrene
Acrylonitrile,Ethylbenzene
Pyridine,MXylene
Thiophene,Toluene Three9One
Fluorobenzene,Toluene
Hexafluorobenzene,OnePropnaol
Hexafluorobenzene,Toluene
Hexafluorobenzene,PXylene
Water,Acetone One
Water,TwoButanone
Water,Phenol
Water,OneOneTwoTwotetrachloroethane
Water,OneFourDioxane
Water,Sulfolane
Water,Nndimethylacetamide
Water,Morpholine
Water,nButanol
Water,OneFourButanediol
Water,TwoThreeButanediol
Water,Diethylenegylcol
Water,Furfural
Water,Pyridine
Water,nMethylpyrrolidone
Water,ThreeMethylbutanol
Water,TwoMethylTwobutanol
Water,Phenol
Water,Aniline
Water,TwoMethylpyridine
Water,ThreeMethylpyridine
Water,FourMethylpyridine
Water,Phenylhydrazine
Water,Cyclohexanone
Water,Mesityloxide
Water,Cyclohexanol
Water,nButylacetate
Water,Diacetonealcohol
Water,OneHexanol
Water,TwoHexanol
Water,Twobutoxyethanol
Water,Benzylalcohol
Water,Two6Dimethylpyridinr
Water,Isopentylacetate
Water,Acetophenone
Water,Quinoline
Water,Isopropylbenzene
CarbonDisulfide,Benzene
CarbonDisulfide,Toluene
Halothane,Methanol
OneOneTwoTrichloroOneTwoTwoTrifluoroethane,Benzene
MethylIsocyanate,Toluene
Methanol,Formamide